,word,count
0,gme,18768
1,buy,2168
2,robinhood,1653
3,bought,1490
4,hold,1170
5,amc,1011
6,revolut,859
7,buying,482
8,anyone,456
9,still,435
10,new,410
11,rh,390
12,holding,376
13,sell,373
14,guys,368
15,trading,367
16,someone,353
17,webull,349
18,got,331
19,late,307
20,etoro,304
21,wsb,303
22,sold,294
23,get,282
24,fuck,281
25,everyone,265
26,bb,263
27,don’t,242
28,need,242
29,can't,235
30,know,223
31,ig,210
32,first,209
33,stop,206
34,dont,204
35,uk,203
36,td,203
37,people,202
38,can’t,201
39,keep,199
40,short,198
41,want,197
42,think,194
43,next,188
44,hey,181
45,help,180
46,nok,179
47,hedge,179
48,put,177
49,one,174
50,please,171
51,im,171
52,let’s,171
53,made,168
54,trading212,158
55,lets,155
56,fidelity,152
57,would,140
58,much,134
59,even,131
60,etrade,130
61,melvin,129
62,missed,129
63,let's,128
64,question,127
65,like,126
66,time,125
67,fellow,123
68,it’s,120
69,could,117
70,psa:,117
71,trying,116
72,what’s,115
73,good,113
74,going,112
75,1,111
76,fucking,109
77,looks,107
78,what's,106
79,love,105
80,look,105
81,finally,105
82,go,103
83,real,102
84,diamond,102
85,best,102
86,cant,100
87,many,99
88,trade,99
89,selling,99
90,happens,98
91,long,97
92,never,96
93,another,95
94,mods,94
95,make,92
96,thank,92
97,today,90
98,see,89
99,us,88
