"created_utc","author","title","url"
1609282535,"WallStWarlock","GME sign from the QUAZAR.","https://i.redd.it/dq3xofxnh7861.png"
1609280863,"Cali_Godbod","5th trade: GME Gang rise up","https://www.reddit.com/r/wallstreetbets/comments/kmojrl/5th_trade_gme_gang_rise_up/"
1609280604,"Blitz100000","How much to invest in GME and PLTR","https://www.reddit.com/r/wallstreetbets/comments/kmogpc/how_much_to_invest_in_gme_and_pltr/"
1609279703,"kunjinn","Yesterday I was celebrating, today I am in the gutter. Margin is being used. GME PLTR PSTH MT","https://www.reddit.com/gallery/kmo6ck"
1609278343,"Effect_Wild","GME DD, look at all the out of stock stickers ğŸš€ğŸš€ğŸš€ğŸš€","https://i.redd.it/6snwzo3857861.jpg"
1609276539,"Zarozer","GME 12629 YOLO shares position. ğŸš€","https://i.redd.it/v5cani1vz6861.jpg"
1609276104,"DabManFromThe773","Precisely my portfolio today because f*ck cost basis. I sold baba at the low and did not buy the dip. In fact I did not even buy the ARKG or GME or CRSR dip. Why? Because Iâ€™m a true short bus autist. Buy high sell low the WSB way","https://v.redd.it/k9ra3fsgx6861"
1609275317,"Razzooz","This is for you my GME brothers, it has been an honor holding strong with you guys. See you in tendie land.","https://v.redd.it/5sc8anprv6861"
1609275042,"Zarozer","Buy the dip retards. GME gonna ğŸš€ğŸš€ğŸš€ğŸš€ğŸš€ğŸš€ğŸš€ğŸš€ğŸš€ğŸš€ğŸš€ğŸš€ğŸš€ğŸš€ğŸš€ğŸš€ğŸš€ğŸš€ğŸš€ You might wanna stick some diamonds to your hands for this ride","https://i.redd.it/xpsu0hsev6861.jpg"
1609274435,"Introbyte","GME earnings Q4 are going to be insane","https://i.redd.it/zifnpbult6861.jpg"
1609274368,"DarthVfx","I see a lot of ğŸš€ posts about GME so hereâ€™s my plan... Iâ€™ll wait to get FOMO, invest 90% of my capital when it is at its high, then sell low when I need the cash for my rent.","https://www.reddit.com/r/wallstreetbets/comments/kmmftz/i_see_a_lot_of_posts_about_gme_so_heres_my_plan/"
1609274226,"Full-Space-1791","Formal GME exit price &amp; strategy","https://www.reddit.com/r/wallstreetbets/comments/kmme7i/formal_gme_exit_price_strategy/"
1609274152,"t_horseman","I see a lot of posts for GME so my plan is to get FOMO, then buy high with 90% of my capital and sell low when I need the money for rent.","https://www.reddit.com/r/wallstreetbets/comments/kmmdbl/i_see_a_lot_of_posts_for_gme_so_my_plan_is_to_get/"
1609273617,"rchrd92182","Fellow WSB retards waiting outside GME to buy $15 power up memberships","https://i.redd.it/tvp8ah26r6861.jpg"
1609271764,"You_petty_tyrants","Seeing the words â€œunusual options activityâ€gives me a hard on. ğŸ’âœ‹ GME ğŸš€ğŸŒ•","https://i.redd.it/38l4qhzml6861.jpg"
1609271628,"Upside-down-tree","I DONT CARE WHAT IT TAKES WE NEED 12/31 20c GME TO BE IN THE MONEY","https://www.reddit.com/r/wallstreetbets/comments/kmlj14/i_dont_care_what_it_takes_we_need_1231_20c_gme_to/"
1609271215,"alexm210801","New GME price target after stimmys. Canâ€™t go tits up. GME to the moon ğŸš€ğŸš€","https://i.redd.it/wv82nq11k6861.jpg"
1609270673,"robby5555","GME Technical Analysis: 2 Strong and Perfectly Positioned Bull Flags ğŸš€ğŸš€ğŸš€ğŸš€ğŸš€ğŸš€ğŸš€","https://www.reddit.com/r/wallstreetbets/comments/kml7m3/gme_technical_analysis_2_strong_and_perfectly/"
1609269589,"MemesByTim","Hold GME bulls","https://v.redd.it/pgtyk642f6861"
1609269520,"Queasy-Mulberry-1178","GME Technical Analysis: 2 Perfect Bull Flags = ğŸš€ğŸš€ğŸš€ğŸš€ğŸš€ğŸš€ğŸš€","https://www.reddit.com/r/wallstreetbets/comments/kmku8m/gme_technical_analysis_2_perfect_bull_flags/"
1609268352,"Upside-down-tree","GME GANG THE GREAT ONE HAS ARRIVED","https://i.redd.it/4rtb9cmib6861.jpg"
1609268131,"_Rumpertumskin_","Virgin TSLA vs Chad GME","https://i.redd.it/eynwzljua6861.png"
1609267697,"xBitter_","I have 12/31 23c for GME","https://www.reddit.com/r/wallstreetbets/comments/kmk8hv/i_have_1231_23c_for_gme/"
1609265182,"LoversLaneRS","WHEN GME DIP BUT YOURE BULLISH ğŸš€ğŸš€","https://i.redd.it/6prse3e326861.jpg"
1609264413,"broneilbro","Iâ€™ve been a Bear but Iâ€™m supporting my GME brothers! 2000 at 19.20...standby for Calls!","https://i.redd.it/z78zdr0tz5861.jpg"
1609263047,"jsmerrill95","GME to the moon! Remember buy the dip, ğŸ’âœ‹ and fuck ğŸŒˆğŸ»","https://v.redd.it/ub9hd8bkv5861"
1609262154,"mamwybejane","GME TO THE MOON ğŸš€ğŸš€ğŸš€ğŸš€ğŸš€ğŸš€","https://i.redd.it/mowvt8w2t5861.jpg"
1609262150,"0ptimusPrim0","WSB GME Gang","https://streamable.com/7otesa"
1609258803,"Tyrannosaurus_Jr","Maybe this is why GME is up so much?","https://www.reddit.com/r/wallstreetbets/comments/kmhdh2/maybe_this_is_why_gme_is_up_so_much/"
1609258651,"iphone29","GME massive buy walls on Lv2 Data. Buy up shares EOD when they disappear","https://www.reddit.com/r/wallstreetbets/comments/kmhbty/gme_massive_buy_walls_on_lv2_data_buy_up_shares/"
1609258131,"Bombayzayy","Hole the Line! GME to the ğŸŒ˜ğŸš€ğŸš€ğŸš€ğŸš€ğŸš€ğŸš€ğŸš€ğŸš€ğŸš€ğŸš€ğŸš€ğŸš€ğŸš€ğŸš€ğŸš€ğŸš€ğŸš€ğŸš€","https://v.redd.it/1idp0gj0h5861"
1609257573,"_Unoriginal_Name","GME Analysis of Shares Currently Being Shorted Today","https://www.reddit.com/r/wallstreetbets/comments/kmgzp7/gme_analysis_of_shares_currently_being_shorted/"
1609257401,"Alone-Razzmatazz9309","GME rebound","https://www.reddit.com/r/wallstreetbets/comments/kmgxul/gme_rebound/"
1609256945,"SHoo98","When do people think GME will shoot to the moon? ğŸš€ğŸš€ğŸš€ğŸš€ğŸš€","https://www.reddit.com/r/wallstreetbets/comments/kmgt17/when_do_people_think_gme_will_shoot_to_the_moon/"
1609256797,"Staien","Buy the GME dip!","https://i.redd.it/8bfajyp5d5861.jpg"
1609256188,"Gooni__","GME PUTS Printing sell to 16","https://www.reddit.com/r/wallstreetbets/comments/kmgl5o/gme_puts_printing_sell_to_16/"
1609255262,"yuh-yuh-yuh-uhh__huh","Stop being a fuckin dum dum with GME and MRNA and put money where it matters; $ICLN","https://www.reddit.com/r/wallstreetbets/comments/kmgbf7/stop_being_a_fuckin_dum_dum_with_gme_and_mrna_and/"
1609255226,"Nik0622","GME","https://www.reddit.com/r/wallstreetbets/comments/kmgb1u/gme/"
1609255062,"san_serifs","GME went off a cliff this morning - down over 10%","https://www.reddit.com/r/wallstreetbets/comments/kmg9fn/gme_went_off_a_cliff_this_morning_down_over_10/"
1609254864,"draconic86","Been waiting for the GME dip? Here's your golden ticket.","https://www.reddit.com/r/wallstreetbets/comments/kmg7c0/been_waiting_for_the_gme_dip_heres_your_golden/"
1609254764,"topkek_kek","GME support thread","https://www.reddit.com/r/wallstreetbets/comments/kmg6f2/gme_support_thread/"
1609254672,"Bombayzayy","GME Today ğŸ·","https://i.redd.it/al5pdvbu65861.jpg"
1609254615,"promiseaik","GME - short selling","https://www.reddit.com/r/wallstreetbets/comments/kmg4ws/gme_short_selling/"
1609254417,"rightlywrongfull","GME on sale today!!!!!!","https://www.reddit.com/r/wallstreetbets/comments/kmg30i/gme_on_sale_today/"
1609254278,"Invbnkr","You retards gonna just sit around and let Melvin drag our name through the dirt today? Not me. This isn't about the money this is fucking war. Adderall -&gt; Popped, More Shares -&gt; Bought, GME -&gt; Moon.","https://www.reddit.com/r/wallstreetbets/comments/kmg1n3/you_retards_gonna_just_sit_around_and_let_melvin/"
1609253956,"CushFuckingDaddy603","Is this the GME dip? Bulls unite.","https://www.reddit.com/r/wallstreetbets/comments/kmfxxw/is_this_the_gme_dip_bulls_unite/"
1609253907,"Curtaindrop","GME dropping fast! Are the moon dreams dead?","https://i.redd.it/t65g0bgk45861.jpg"
1609253726,"Callister","Minimize GME losses by making your window smaller","https://www.reddit.com/r/wallstreetbets/comments/kmfvqo/minimize_gme_losses_by_making_your_window_smaller/"
1609252451,"robbinhood69","GME Gang - Melvin might short GME to make year over year numbers look better. Get ready to BTFD on 12/31","https://www.reddit.com/r/wallstreetbets/comments/kmfis4/gme_gang_melvin_might_short_gme_to_make_year_over/"
1609249619,"acknet","WSB YOLOâ€™ing their savings accounts since COVID apparently... GME ğŸš€ğŸš€ğŸš€","https://i.redd.it/hu6wn3gtr4861.jpg"
1609227771,"OUTLANDAH","GME call options?","https://www.reddit.com/r/wallstreetbets/comments/km9vq3/gme_call_options/"
1609226635,"cruelentity","ğŸš€ğŸš€ WE ARE AT WAR! DO YOUR PART BUY GME ğŸš€ğŸš€","https://i.redd.it/sb6jjfngv2861.jpg"
1609221021,"OlyBomaye","Was doing some technical analysis on GME and noticed the Statue of Liberty pattern. We're off the chart, boys.","https://i.redd.it/x1q2tfyre2861.jpg"
1609213728,"dsua","GME YOLO update (Shares ONLY) Dec 28","https://www.reddit.com/r/wallstreetbets/comments/km6e4d/gme_yolo_update_shares_only_dec_28/"
1609213027,"keepingupwiththeos","Stop trying to make PLTR and GME happen. DIS is the way!","https://www.reddit.com/r/wallstreetbets/comments/km66yh/stop_trying_to_make_pltr_and_gme_happen_dis_is/"
1609211570,"zimzambIe","Not that big of a deal but I finally broke even on GME since buying in for all the wrong reasons","https://www.reddit.com/r/wallstreetbets/comments/8pga3c/game_stop_is_adapting_with_the_fact_that_theyre/?utm_source=share&amp;utm_medium=ios_app&amp;utm_name=iossmf"
1609211112,"atrueretard","Whats the game plan for GME when Citron shows up soon? He's attacked every single meme stock that wsb has gone hard on i'm sure he already wrote up a hit piece on GameStop and is waiting for just the right moment to buy puts and release his report.","https://www.reddit.com/r/wallstreetbets/comments/km5nkl/whats_the_game_plan_for_gme_when_citron_shows_up/"
1609210367,"MaizeOdd4516","What's with all the GME and PLTR autism","https://www.reddit.com/r/wallstreetbets/comments/km5fn3/whats_with_all_the_gme_and_pltr_autism/"
1609207469,"justadoer","Chicken out and pulled out before I lose money. I was doing ok then I was force to cash out. Last few months I came back in but haven't recover from last year. No stock invested now but will invest tomorrow maybe PLTR ot GME ( last post was declined trying again)","https://i.redd.it/mi8hy59ha1861.jpg"
1609206563,"sneakersourcerer","GME ğŸ’ Gang","https://i.redd.it/z07mdoes71861.jpg"
1609206407,"FuhQNazi","GME real talk.","https://www.reddit.com/r/wallstreetbets/comments/km49q2/gme_real_talk/"
1609205596,"Bombayzayy","Devils Advocate to GME mooning ğŸš€ğŸš€ğŸš€ğŸš€ What are good reasons to why it will not take off?","https://www.reddit.com/r/wallstreetbets/comments/km4108/devils_advocate_to_gme_mooning_what_are_good/"
1609205186,"armored-dinnerjacket","I have it on good authority this is what will happen if we diamond hand GME","https://v.redd.it/227lukzn80861"
1609204805,"TexasExPat1","GME gang over the holidays","https://i.redd.it/4dv6zj5k21861.jpg"
1609204589,"jamzkourt","GME shorts vs WSB GME shareholders.....who will go broke ? Talk me into buying in , quite donâ€™t understand why shorts havenâ€™t covered yet ? Guide me to the tendies","https://www.reddit.com/r/wallstreetbets/comments/km3q8e/gme_shorts_vs_wsb_gme_shareholderswho_will_go/"
1609203297,"sploot16","For all those brains that think they are too smart for GME","https://www.reddit.com/r/wallstreetbets/comments/km3cag/for_all_those_brains_that_think_they_are_too/"
1609203270,"jsmerrill95","I'm doing my part, are you doing yours? GME 4D chess play. Credit to u/0ptimusPrim0 we are gonna take GME to the moon one autistic move at a time.","https://i.redd.it/vopd0wuzx0861.png"
1609203047,"gobluepike","Can someone explain to me why GME is going up so much","https://www.reddit.com/r/wallstreetbets/comments/km39jr/can_someone_explain_to_me_why_gme_is_going_up_so/"
1609202180,"majorfieldgrade","AMC IS UP NEXT - GME and TSLA it's been real, PLTR waiting on launchpad (still)","https://www.reddit.com/r/wallstreetbets/comments/km307e/amc_is_up_next_gme_and_tsla_its_been_real_pltr/"
1609201960,"RewardSword","Did that guy who bought GME calls since last year sell his positions?","https://www.reddit.com/r/wallstreetbets/comments/km2xq1/did_that_guy_who_bought_gme_calls_since_last_year/"
1609201393,"mynameswillxD","I donâ€™t understand the GME hype","https://www.reddit.com/r/wallstreetbets/comments/km2rns/i_dont_understand_the_gme_hype/"
1609200089,"HotStool","GME 1000 CALL PROOF","https://i.redd.it/ijwbsecjo0861.jpg"
1609195059,"HotStool","PROOF GME IS MOONING TOMORROW AND BEYOND","https://www.reddit.com/r/wallstreetbets/comments/km0sd9/proof_gme_is_mooning_tomorrow_and_beyond/"
1609194800,"HotStool","GME MOONING PROOF INSIDE","https://www.reddit.com/r/wallstreetbets/comments/km0pip/gme_mooning_proof_inside/"
1609189105,"ahminus","GME FOMO","https://www.reddit.com/r/wallstreetbets/comments/klyuz5/gme_fomo/"
1609185254,"imm_uol1819","GME gang: hold strong on Melvin Mondays","https://www.reddit.com/r/wallstreetbets/comments/klxm3b/gme_gang_hold_strong_on_melvin_mondays/"
1609184224,"CappedCrib","Thatâ€™s 10x GME 1/8/21 28C right there. Thanks government!","https://i.redd.it/of0mhz3ddz761.jpg"
1609184146,"CappedCrib","Thatâ€™s 10x GME 1/8/21 28C right there. Thanks government!","https://i.redd.it/07j9glr4dz761.jpg"
1609182786,"shawalawa","Importance of hedge fund year end performance for GME","https://www.reddit.com/r/wallstreetbets/comments/klwtne/importance_of_hedge_fund_year_end_performance_for/"
1609181921,"413jreese","GME Intraday Price Action","https://www.reddit.com/r/wallstreetbets/comments/klwj1m/gme_intraday_price_action/"
1609179618,"AUniqueGeek","In depth chart analysis of GME covering last week's rise into today.","https://www.reddit.com/r/wallstreetbets/comments/klvrid/in_depth_chart_analysis_of_gme_covering_last/"
1609179308,"Captain_Crushim","Has the GME ship already sailed?","https://www.reddit.com/r/wallstreetbets/comments/klvnvp/has_the_gme_ship_already_sailed/"
1609177900,"navyloop12345","GME TO THE FKING MOON","https://www.reddit.com/r/wallstreetbets/comments/klv704/gme_to_the_fking_moon/"
1609177876,"stonksbull_y","GME to the moon! Lets gooo!","https://i.redd.it/s98g5hkbuy761.jpg"
1609177200,"Too_Real_Dog_Meat","GameStop DD: spent all morning at my day job predicting wear GME will go. This is irrefutable concrete methodology.","https://i.redd.it/dxafm03hsy761.jpg"
1609177012,"Too_Real_Dog_Meat","GME DD: spent all morning at my day job predicting where GME will go in the next month. This is irrefutable research and methodology ğŸš€","https://i.redd.it/ldubzh0xry761.jpg"
1609176052,"Crips_Ahoy177","YOLO on GME ğŸš€ğŸš€ğŸš€ - will decide if I get married or if I die broke and alone","https://www.reddit.com/r/wallstreetbets/comments/klul2v/yolo_on_gme_will_decide_if_i_get_married_or_if_i/"
1609174699,"TwilightMD","Doing my part for GME war","https://i.redd.it/lk3kl3f1ly761.jpg"
1609173480,"Cali_Godbod","4th trade: GME bag holding","https://www.reddit.com/r/wallstreetbets/comments/kltr89/4th_trade_gme_bag_holding/"
1609172633,"Chingchongtaco","GME question","https://www.reddit.com/r/wallstreetbets/comments/kltho0/gme_question/"
1609170477,"Richaaaardy","GME short squeeze","https://v.redd.it/ij0ngsxx7y761"
1609167766,"Staien","GME rocket just launched! Next stop the ğŸŒš","https://i.redd.it/t8e2sy7f0y761.jpg"
1609165778,"firenance","Mr Beast pumping GME with sales giving shit away, not Cohen BTFD.","https://i.redd.it/mw1b7eeiux761.jpg"
1609165596,"firenance","Mr Beast pumping GME with sales giving shit away to people, not Cohen BTFD.","https://i.redd.it/gvkg8suytx761.jpg"
1609165515,"[deleted]","Mr Beast is pumping GME with sales giving free shit away, not Cohen BTFD.","https://i.redd.it/krq9p07qtx761.jpg"
1609164291,"gocuse88","Help with my FOMO mess, MT, Pltr, PSTH and GME","https://www.reddit.com/r/wallstreetbets/comments/klr53h/help_with_my_fomo_mess_mt_pltr_psth_and_gme/"
1609163822,"quantkim","GME ğŸš€ğŸš€ğŸš€ Letâ€™s squeeze ğŸ³ï¸â€ğŸŒˆğŸ§¸","https://i.redd.it/rqwapvmoox761.jpg"
1609162213,"Anon-Why","Help investing in GME in cash app","https://www.reddit.com/r/wallstreetbets/comments/klqkwo/help_investing_in_gme_in_cash_app/"
1609161505,"Lucho358","Yolo 100k: 50k on calls on TSLA, 25k on puts on PLTR and 25k on puts on GME","https://www.reddit.com/r/wallstreetbets/comments/klqe9t/yolo_100k_50k_on_calls_on_tsla_25k_on_puts_on/"
1609157955,"skwolf522","GME Shorts look thirsty, LETS GIVE THEM SOMETHING TO DRINK!!!","https://i.redd.it/kz2pnt047x761.gif"
1609157346,"Skiler19","Current photo of me patiently waiting for my GME calls to make me tendies","https://i.redd.it/t1bn9qyf5x761.jpg"
1609151886,"CRDBrKr","GME GANG DON'T BE SCARED ğŸ¤²ğŸ»ğŸ’ğŸ“","https://www.reddit.com/r/wallstreetbets/comments/klo77x/gme_gang_dont_be_scared/"
1609150883,"CRDBrKr","GME GANG DON'T BE SCAREDğŸ¤²ğŸ»ğŸ’","https://www.reddit.com/r/wallstreetbets/comments/klnzr1/gme_gang_dont_be_scared/"
1609147676,"quantkim","GME Santa rally ğŸ… ğŸš€ğŸš€ğŸš€ğŸš€ğŸš€","https://i.redd.it/ucq6mybocw761.jpg"
1609147329,"JoeyHuynh","GME TO THE MOON ğŸš€ğŸš€ğŸš€ğŸš€ğŸš€ğŸš€","https://i.redd.it/cxkibijnbw761.jpg"
1609146454,"hot_exhaust","GME UP 10% PREMARKET ğŸ¥œ","https://www.reddit.com/r/wallstreetbets/comments/kln2wa/gme_up_10_premarket/"
1609141459,"BitRulez","GME up +16% in Germany ğŸš€ğŸš€ğŸš€ğŸŒ","https://i.redd.it/967x0t57uv761.jpg"
1609141114,"BitRulez","GME up +14% in Germany ğŸš€ğŸŒ","https://i.redd.it/4337ew86tv761.jpg"
1609138654,"Overwatch61","GME IS GUARANTEED MOONING DD INSIDE","https://www.reddit.com/r/wallstreetbets/comments/kllfaz/gme_is_guaranteed_mooning_dd_inside/"
1609138184,"Overwatch61","WE DID IT BOYS GME TO THE MOON","https://www.reddit.com/r/wallstreetbets/comments/kllbfo/we_did_it_boys_gme_to_the_moon/"
1609134673,"balderdashy","GME is killing WSB","https://www.reddit.com/r/wallstreetbets/comments/klkgdp/gme_is_killing_wsb/"
1609134670,"adrojono","We need the tri-weekly GME live stream back.","https://www.reddit.com/r/wallstreetbets/comments/klkgcg/we_need_the_triweekly_gme_live_stream_back/"
1609134670,"adrojono","We need the tri-weekly GME live stream back.","https://www.reddit.com/r/wallstreetbets/comments/klkgcf/we_need_the_triweekly_gme_live_stream_back/"
1609128594,"Tw1987","History and Future of GME - DD Meme edition - Are you in or are you in?","https://v.redd.it/9wpbw6qsru761"
1609128421,"Tw1987","History and Future of GME - DD in a Meme - Are you in or are you out?","https://kapwi.ng/c/Oal0Y4RW"
1609123974,"antoniovit_23","A sign that GME is gonna moon","https://www.reddit.com/r/wallstreetbets/comments/klhmx5/a_sign_that_gme_is_gonna_moon/"
1609122833,"kamthegreatest","GME INCOMING SQUEEZE 12/28ğŸš€","https://www.reddit.com/r/wallstreetbets/comments/klhbg4/gme_incoming_squeeze_1228/"
1609121788,"Nyani_Sore","Shorts when GME inevitably ğŸš€ğŸš€ğŸš€ğŸŒ™ğŸŒ™ğŸŒ™ on Monday at open. Meme","https://www.reddit.com/r/wallstreetbets/comments/klh0uq/shorts_when_gme_inevitably_on_monday_at_open_meme/"
1609121644,"Nyani_Sore","Shorts when GME inevitably ğŸš€ğŸš€ğŸš€ğŸŒ™ğŸŒ™ğŸŒ™ on Monday at open. Meme","https://v.redd.it/occ2wh767u761"
1609121498,"Nyani_Sore","Shorts when GME inevitably ğŸš€ğŸš€ğŸš€ğŸŒ™ğŸŒ™ğŸŒ™ on Monday at open.","https://www.reddit.com/r/wallstreetbets/comments/klgxyb/shorts_when_gme_inevitably_on_monday_at_open/"
1609121124,"Nyani_Sore","Shorts when GME inevitably ğŸš€ğŸš€ğŸš€ğŸš€ğŸš€ at open on Monday.","https://www.reddit.com/r/wallstreetbets/comments/klgu7t/shorts_when_gme_inevitably_at_open_on_monday/"
1609119054,"FuckHicks","Whatâ€™s GME looking like tomorrow?","https://www.reddit.com/r/wallstreetbets/comments/klg9k4/whats_gme_looking_like_tomorrow/"
1609117483,"raptors902","How WSB can add rocket fuel to the GME short squeeze","https://www.reddit.com/r/wallstreetbets/comments/klfswe/how_wsb_can_add_rocket_fuel_to_the_gme_short/"
1609117411,"dildoflexing","Making of Diamonds: What you need to be aware of going into this week for GME","https://www.reddit.com/r/wallstreetbets/comments/klfs4f/making_of_diamonds_what_you_need_to_be_aware_of/"
1609115536,"G23456789","GME GANG","https://i.redd.it/1m7ow8c4pt761.jpg"
1609115499,"G23456789","GME GANG","https://i.redd.it/w256dtb0pt761.jpg"
1609113316,"retisk","When to buy GME shares?","https://www.reddit.com/r/wallstreetbets/comments/klejif/when_to_buy_gme_shares/"
1609112952,"Kitties-N-Titties-11","With all the talk about GME lately, I decided to go talk to my financial advisor about what he thinks of the stock. He told me this:","https://i.redd.it/a8qvfhnfht761.jpg"
1609112405,"--X0X0--","Does Melvin hate gaming? GME","https://www.reddit.com/r/wallstreetbets/comments/klea0o/does_melvin_hate_gaming_gme/"
1609112071,"rchrd92182","I can already see Cramerâ€™s headline â€œWSB gang keeps GME employees workingâ€","https://www.reddit.com/gallery/kle6lk"
1609111960,"Adminmind","Can you educate me why GME is your all-in stock","https://www.reddit.com/r/wallstreetbets/comments/kle5gt/can_you_educate_me_why_gme_is_your_allin_stock/"
1609109429,"xBitter_","GME confirmation bias thread","https://www.reddit.com/r/wallstreetbets/comments/klde2s/gme_confirmation_bias_thread/"
1609109359,"--X0X0--","Does Melvin hate games? GME","https://www.reddit.com/r/wallstreetbets/comments/klddbn/does_melvin_hate_games_gme/"
1609102798,"lantern_fan","GME ad on reddit, bullish","https://i.redd.it/pyrm6bo8ns761.jpg"
1609102660,"fenixxishot","GME and AAPL were the only stores with a line. GME to the fuckin moon","https://i.redd.it/5ilf47xtms761.jpg"
1609102323,"AutistPhD","GME ğŸŒˆğŸ» Short position","https://www.reddit.com/r/wallstreetbets/comments/klb8ae/gme_short_position/"
1609102304,"The_Greyscale","Gamestop bull bias confirmed- GME to the moon","https://i.redd.it/6ei9vy9ols761.jpg"
1609102023,"The_Greyscale","Gamestop busiest store on a slow Sunday at local strip mall. GME bias confirmed.","https://i.redd.it/wuabf3dxks761.jpg"
1609100199,"Bombayzayy","GME Gang Monday when the market opens ğŸš€ğŸš€ğŸš€","https://v.redd.it/qut697rgfs761"
1609099788,"SPAC_That","(Maybe) Dumb GME Question","https://www.reddit.com/r/wallstreetbets/comments/klagv0/maybe_dumb_gme_question/"
1609099046,"Stonksflyingup","GME Gang vs. Melvin Capital","https://streamable.com/p27alw"
1609098626,"JasonColin","Why GME will continue crashing on Monday using Technical fundamentals. (Not enough retail to break the balance board.)","https://www.reddit.com/r/wallstreetbets/comments/kla3d9/why_gme_will_continue_crashing_on_monday_using/"
1609098402,"Alternative-Donut608","Set it and forget it. GME ğŸš€ğŸš€ğŸš€ğŸŒ”","https://i.redd.it/3wt7d546as761.jpg"
1609095954,"randomherointotreeo","Gains were made. All in GME on Monday !","https://i.redd.it/jj5imjzl2s761.jpg"
1609093826,"Junkbot","GME ğŸš€ğŸš€ğŸš€ğŸš€ğŸš€ğŸš€ = gold?","https://www.reddit.com/r/wallstreetbets/comments/kl8m4y/gme_gold/"
1609093189,"ZookeepergameSoggy49","Was it a dream??!ğŸ˜´ ğŸ˜´ GME opens on Monday up 100%","https://www.reddit.com/r/wallstreetbets/comments/kl8f6l/was_it_a_dream_gme_opens_on_monday_up_100/"
1609088984,"Corno4825","All the more reason to buy GME ğŸš€ğŸš€ğŸš€ğŸš€","https://www.marketwatch.com/story/videogames-are-a-bigger-industry-than-sports-and-movies-combined-thanks-to-the-pandemic-11608654990?mod=home-page"
1609088773,"Tw1987","ğŸš€ ğŸš€ ğŸš€ DD - I had a vision on Christmas Eve GME ğŸš€ ğŸš€ ğŸš€","https://www.reddit.com/r/wallstreetbets/comments/kl73cx/dd_i_had_a_vision_on_christmas_eve_gme/"
1609087611,"sneakersourcerer","2000% GME","https://i.redd.it/odngg613er761.jpg"
1609086034,"airpranes","New to trading - if I buy 500 1/22/21 calls (yes GME) at 0.63 a call, would I just sell my calls for a higher price when the price of GME goes to the moon as long as itâ€™s before my expiration?","https://www.reddit.com/r/wallstreetbets/comments/kl6an9/new_to_trading_if_i_buy_500_12221_calls_yes_gme/"
1609083352,"BlackCatArmy99","My holiday lights after GME ğŸš€ğŸš€ğŸš€","https://youtu.be/3IEhhoyqzSo"
1609081976,"Gr3gy","GME 1/15 15.5C Question","https://www.reddit.com/r/wallstreetbets/comments/kl56lr/gme_115_155c_question/"
1609079966,"nobjos","One more stock trend for you autists to consider before your next YOLO! I did sentiment analysis for TSLA and GME for the last week from Twitter, Reddit and News articles!","https://www.reddit.com/gallery/kl4oso"
1609079293,"nobjos","One more stock trend for you autists to consider before your next YOLO! Check out the stock sentiment for TSLA and GME last week","https://www.reddit.com/gallery/kl4ixe"
1609060101,"danielbauwens","Why GME is going to the Moon (Compressed information + Links)","https://www.reddit.com/r/wallstreetbets/comments/kl0n8g/why_gme_is_going_to_the_moon_compressed/"
1609058310,"SkewDitty","GME Checking in, next 2 weeks should be fun ğŸš€ğŸš€ğŸš€","https://i.redd.it/wd12w3oxyo761.jpg"
1609058291,"throwawaygaandu","GME Infinity squeeze definitive proof.","https://www.reddit.com/r/wallstreetbets/comments/kl0bj3/gme_infinity_squeeze_definitive_proof/"
1609057924,"thesilliergoose","How braindead are 12/31 $26 GME calls? I'm just about dumb enough to do it at this point.","https://www.reddit.com/r/wallstreetbets/comments/kl09bc/how_braindead_are_1231_26_gme_calls_im_just_about/"
1609055034,"iurnaux","GME Donation Drive Interest Check","https://www.reddit.com/r/wallstreetbets/comments/kkzqax/gme_donation_drive_interest_check/"
1609044234,"napkins33e","When you try to warn WSb that GME might be nearing the top until COEHN takes over...","https://www.reddit.com/gallery/kkxd1t"
1609042853,"randomherointotreeo","Gains were made. Buying GME on Monday ğŸš€ğŸš€ğŸš€","https://i.imgur.com/ZQyfXbO.jpg"
1609041194,"randomherointotreeo","Gains were made. Buying GME on Monday ğŸš€ğŸš€ğŸš€","https://i.imgur.com/oaqQsm0.jpg"
1609041107,"randomherointotreeo","Gains were made. Buying GME on monday ğŸš€ğŸš€ğŸš€","https://www.reddit.com/r/wallstreetbets/comments/kkwlez/gains_were_made_buying_gme_on_monday/"
1609040311,"Gate_Keeper_","First time investor (Canadian) looking to jump on GME gravy wagon. What trading apps/banks/settings can you guys recommend? Iâ€™m a total newb so be (reasonably) kind. Or not. Whatâ€™s the optimal setup to get me started?","https://www.reddit.com/r/wallstreetbets/comments/kkwei5/first_time_investor_canadian_looking_to_jump_on/"
1609035925,"Atlas___","Help Me Understand GME","https://www.reddit.com/r/wallstreetbets/comments/kkvany/help_me_understand_gme/"
1609031080,"horny131313","I'm putting all my christmas money into GME at open on monday","https://www.reddit.com/r/wallstreetbets/comments/kku0qq/im_putting_all_my_christmas_money_into_gme_at/"
1609029006,"d-redze","Fuckers. I have always hated GME and now I hate yâ€™all. Christmas cash from in-laws I also hate going into GME calls at market open so wife can hate me to.","https://www.reddit.com/r/wallstreetbets/comments/kktg9d/fuckers_i_have_always_hated_gme_and_now_i_hate/"
1609026099,"JudgmentEmotional997","Proof that GME will have a Q4 earnings blow out! ğŸš€ğŸš€ğŸš€ğŸš€ğŸš€","https://www.reddit.com/r/wallstreetbets/comments/kksn6c/proof_that_gme_will_have_a_q4_earnings_blow_out/"
1609024967,"_Unoriginal_Name","Is it worth selling my position in PLTR to get more GME shares?","https://www.reddit.com/r/wallstreetbets/comments/kksbu0/is_it_worth_selling_my_position_in_pltr_to_get/"
1609023781,"luncheonmeat79","Melvin's losing money on its GME puts. Let's get it over $24 retards!","https://i.redd.it/vlnigii74m761.jpg"
1609023546,"luncheonmeat79","Melvin's losing money on its GME puts. Let's get it over $24 retards!","https://i.redd.it/22dejauq2m761.jpg"
1609019013,"JudgmentEmotional997","Proof GME will have a Q4 earnings blowout!","https://youtu.be/LeYsRMZFUq0?t=148"
1609014814,"utopian201","GME best enjoyed with Boxing day tendies","https://v.redd.it/ube6tatwcl761"
1609014676,"JasonColin","GME is done rising no more FOMO, but you can still ride it back down for massive $$$$","https://www.reddit.com/r/wallstreetbets/comments/kkpccu/gme_is_done_rising_no_more_fomo_but_you_can_still/"
1609009495,"Uberkikz11","GME ICR Conference - Words Matter","https://www.reddit.com/r/wallstreetbets/comments/kknuk6/gme_icr_conference_words_matter/"
1609005983,"paradox34690","RC bought more GME ğŸš€ğŸš€ğŸš€","https://www.reddit.com/r/wallstreetbets/comments/kkmu7o/rc_bought_more_gme/"
1609005461,"paradox34690","RC bought more GME ğŸš€ğŸš€ğŸš€","https://www.barrons.com/amp/articles/gamestop-investor-ryan-cohen-buys-more-stock-51608836334"
1609005380,"andynyc","Gamestop GME documentary says vaccine will be delivered through stores, bullish if true","https://www.reddit.com/r/wallstreetbets/comments/kkmnpk/gamestop_gme_documentary_says_vaccine_will_be/"
1609003416,"napkins33e","Goodbye GME - HELLO GPRO - RIDE THIS B to $20!!!","https://www.reddit.com/r/wallstreetbets/comments/kkm4et/goodbye_gme_hello_gpro_ride_this_b_to_20/"
1608996731,"inquisitivebug","Me to my risk-averse broker after missing the opportunity to YOLO on GME calls","https://v.redd.it/qvm8yo8ivj761"
1608994987,"cryptodgn","Whats the best way to trigger the GME short squeeze?","https://www.reddit.com/r/wallstreetbets/comments/kkjv7c/whats_the_best_way_to_trigger_the_gme_short/"
1608994916,"nutterz_","GME Bears ğŸŒˆğŸ»","https://i.redd.it/8q3inqagqj761.jpg"
1608976985,"HewardBke","GME DD IN JUJUTSU KAISEN","https://v.redd.it/102ovgq19i761"
1608973569,"tony1nguyen1","GME so it begins","https://www.google.com/amp/s/seekingalpha.com/amp/article/4396229-gamestop-poised-to-grow-in-2021-and-beyond-short-your-own-risk"
1608964806,"dinoduke03","How many GME shares do we have?","https://www.reddit.com/r/wallstreetbets/comments/kke7n6/how_many_gme_shares_do_we_have/"
1608963022,"G23456789","GME","https://www.reddit.com/r/wallstreetbets/comments/kkdukt/gme/"
1608961238,"Infinite-coffee","GME at $20, meanwhile at Melvin capital...","http://www.reactiongifs.com/wp-content/uploads/2013/06/flesh-wound.gif"
1608960152,"293J","What does GME mean?","https://www.reddit.com/r/wallstreetbets/comments/kkd8lm/what_does_gme_mean/"
1608959865,"RandomYouTuber69","GME Short Squeeze Target Prices","https://www.reddit.com/r/wallstreetbets/comments/kkd6eh/gme_short_squeeze_target_prices/"
1608956887,"FatAspirations","A Merry Christmas from GME","https://i.redd.it/o5c7wjgdlg761.png"
1608954825,"hugh_dickinson","A summary of the GME meme machine","https://www.reddit.com/r/wallstreetbets/comments/kkc0uq/a_summary_of_the_gme_meme_machine/"
1608942689,"R3dditUs3r06","GME Gang","https://i.redd.it/prxsj1h5ff761.jpg"
1608941595,"jbro12345","Listen up frog brains. GME ğŸš€","https://www.reddit.com/r/wallstreetbets/comments/kk8u2v/listen_up_frog_brains_gme/"
1608935645,"Overwatch61","If GME HITS $30 NEXT WEEK ILL EAT MY OWN SHIT (OR MY DOGS) ON VIDEO CAM. ğŸš€ğŸš€ğŸš€ğŸš€ğŸš€ğŸš€ğŸš€ğŸš€ğŸš€ğŸš€ğŸš€","https://i.redd.it/x5us2d67ue761.jpg"
1608934907,"Overwatch61","GME mooning on Monday and Tuesday ğŸš€ğŸš€ğŸš€ğŸš€ğŸš€ğŸš€ğŸš€ğŸš€ğŸš€ğŸš€ğŸš€ğŸš€ğŸš€","https://www.reddit.com/r/wallstreetbets/comments/kk75l4/gme_mooning_on_monday_and_tuesday/"
1608931059,"Asimpleyoungkid","Put on GME (advice from a 15 year old)","https://www.reddit.com/r/wallstreetbets/comments/kk66zw/put_on_gme_advice_from_a_15_year_old/"
1608928775,"possibly6","If GME hits $30 in the next two week, GMEGANG VANITY PLATE! WHOS WITH ME ğŸš€","https://www.reddit.com/r/wallstreetbets/comments/kk5m6p/if_gme_hits_30_in_the_next_two_week_gmegang/"
1608924307,"chevellepower70","Notice the similarities to GME in the past 3 months","https://i.redd.it/9sb6srthwd761.jpg"
1608913838,"oilmoney13","Merry Christmas to all you Autists! Thx to you I spend way too much time on this sub. May the new year be way better than #2020 and bless you with many tendies! Positions long GME and PLTR!","https://i.redd.it/h7o2wi7d1d761.jpg"
1608911591,"Stonksgobonks","Thoughts on GME's situation &amp; a question for GME Elders &amp; Autists","https://www.reddit.com/r/wallstreetbets/comments/kk13fu/thoughts_on_gmes_situation_a_question_for_gme/"
1608909955,"Additional_Still5612","ğŸš€Christmas Miracle / GamerGate 2020: GME shorts negotiating with PE/IBs to unwind their shorts ğŸš€","https://www.reddit.com/r/wallstreetbets/comments/kk0omp/christmas_miracle_gamergate_2020_gme_shorts/"
1608909008,"DeepFuckingValue","GME YOLO Christmas update â€” Dec 25 2020","https://i.redd.it/x0wn1t9jmc761.png"
1608908888,"manual1965","Letâ€™s get serious about GME","https://www.reddit.com/r/wallstreetbets/comments/kk0eww/lets_get_serious_about_gme/"
1608906793,"JLTLJ5","Unpopular opinion, GME is just millennials clutching on to their past, my DD","https://www.reddit.com/r/wallstreetbets/comments/kjzwfb/unpopular_opinion_gme_is_just_millennials/"
1608903169,"Effect_Wild","GME TO PLUTO","https://stocknews.com/news/gme-will-gamestop-stock-continue-to-rebound/"
1608879322,"lifeinpixels","GME to the mooooooooon ğŸš€ğŸŒ™","https://i.imgur.com/fX8jRSB.jpg"
1608877870,"telperiontree","The MSM is starting to notice GME ğŸš€ğŸš€ğŸš€ğŸš€ğŸš€","https://www.fool.com/investing/2020/12/24/dont-touch-gamestop-stock-until-this-happens/"
1608874468,"sonofalando","Does GME still have some run up, or is has it reached the zenith?","https://www.reddit.com/r/wallstreetbets/comments/kjtv8k/does_gme_still_have_some_run_up_or_is_has_it/"
1608867811,"GoBillsGoSabres","GME DD","https://www.reddit.com/r/wallstreetbets/comments/kjsh23/gme_dd/"
1608862670,"KYJELLYTIME69","The day of GME short squeeze","https://www.reddit.com/r/wallstreetbets/comments/kjrd4v/the_day_of_gme_short_squeeze/"
1608856521,"514link","The boomer pessimist long term potential of GME","https://www.reddit.com/r/wallstreetbets/comments/kjpzqq/the_boomer_pessimist_long_term_potential_of_gme/"
1608850496,"dirtypos","GME","https://www.reddit.com/r/wallstreetbets/comments/kjoiw9/gme/"
1608850264,"veryforestgreen","GameStop GME Short Interest Update for 12/15/20","https://www.reddit.com/r/wallstreetbets/comments/kjogxk/gamestop_gme_short_interest_update_for_121520/"
1608846012,"tepchan","GME flashing another bullish indicator","https://i.redd.it/otrp0sjgf7761.png"
1608845761,"tepchan","GME flashing a classic bullish indicator (seeking alpha)","https://i.redd.it/mr0hyztue7761.png"
1608845535,"tepchan","GME flashing a classic bullish indicator (seeking alpha)","https://i.redd.it/ncpju9gvd7761.png"
1608844320,"tepchan","GME flashing another bullish indicator","https://i.redd.it/bisp48yd87761.png"
1608843621,"tepchan","Disclosure: I'm getting fucked by my GME short calls and desperately need you to sell your shares","https://i.redd.it/bisp48yd87761.png"
1608843577,"dildoflexing","GME DD fresh perspectives Pt 3 Future of Gamestop + Squeeze teaser. Christmas Edition.","https://www.reddit.com/r/wallstreetbets/comments/kjmqek/gme_dd_fresh_perspectives_pt_3_future_of_gamestop/"
1608843405,"tepchan","Disclosure: I'm getting fucked by my GME short calls and separately need you to sell your shares","https://imgur.com/PraCSl8.jpg"
1608843046,"tepchan","Disclosure: I'm getting fucked by GME and desperately need you to sell your shares","https://imgur.com/Jag0HkA.jpg"
1608840602,"MilitaryBeetle","MRW I was expecting the GME short squeeze today","https://i.kym-cdn.com/photos/images/newsfeed/001/562/701/a47.jpg"
1608833524,"MoonRei_Razing","Total Domination, ğŸ’ ğŸ¤š required. GME","https://i.redd.it/nd8t596ee6761.png"
1608831171,"camacho__23","How fucked are my GME calls????","https://www.reddit.com/r/wallstreetbets/comments/kjj98s/how_fucked_are_my_gme_calls/"
1608830330,"LookNorth2","Did some in person autistic investigation.. Saw a line at GameStop on a Thursday fucking night. Confirmed GME going to 50 end of year ğŸš€ ğŸš€","https://i.redd.it/k3wzacv156761.jpg"
1608829535,"rightlywrongfull","A last ditch effort so they can try and sell their shorts for as little loss as possible. Confirmation bias tells me GME is going to the dark side of the moon babyğŸš€ğŸš€ğŸš€ğŸš€ğŸš€ğŸš€ğŸš€ğŸš€ğŸš€ğŸš€ğŸš€ğŸš€","https://www.reddit.com/r/wallstreetbets/comments/kjiso7/a_last_ditch_effort_so_they_can_try_and_sell/"
1608829533,"rightlywrongfull","A last ditch effort so they can try and sell their shorts for as little loss as possible. Confirmation bias tells me GME is going to the dark side of the moon babyğŸš€ğŸš€ğŸš€ğŸš€ğŸš€ğŸš€ğŸš€ğŸš€ğŸš€ğŸš€ğŸš€ğŸš€","https://www.reddit.com/r/wallstreetbets/comments/kjisn8/a_last_ditch_effort_so_they_can_try_and_sell/"
1608829529,"rightlywrongfull","A last ditch effort so they can try and sell their shorts for as little loss as possible. Confirmation bias tells me GME is going to the dark side of the moon babyğŸš€ğŸš€ğŸš€ğŸš€ğŸš€ğŸš€ğŸš€ğŸš€ğŸš€ğŸš€ğŸš€ğŸš€","https://www.reddit.com/r/wallstreetbets/comments/kjislp/a_last_ditch_effort_so_they_can_try_and_sell/"
1608829186,"WallStPlayMaker","Update: no loner at 10k f u GME","https://i.redd.it/c2ujcmhn16761.jpg"
1608829151,"PostKevinMelone","DoorDash hotspot at GameStop. Load up more on GME before it moons","https://i.redd.it/b6ivc9sj16761.jpg"
1608826872,"The_Bossss","GME Historical Market Cap - Stay Woke, DON'T just look at share prices!","https://www.reddit.com/r/wallstreetbets/comments/kji23z/gme_historical_market_cap_stay_woke_dont_just/"
1608826866,"ShermanWert","Nice GME ""Short Burn"" you fucking retards.","https://www.reddit.com/r/wallstreetbets/comments/kji21q/nice_gme_short_burn_you_fucking_retards/"
1608826854,"nekola90","GME is rubbish this morning","https://i.redd.it/i0w8rzppu5761.jpg"
1608825985,"buy_the_peaks","Real question about GME valuation","https://www.reddit.com/r/wallstreetbets/comments/kjhtl7/real_question_about_gme_valuation/"
1608825936,"publiccerts","GME SELLOFF HAS STARTED!","https://www.reddit.com/r/wallstreetbets/comments/kjht4n/gme_selloff_has_started/"
1608825294,"runitupmikey","GME Bear defected and have now joined the cause","https://i.redd.it/1ajxj341q5761.png"
1608825246,"The_Bossss","GME Historical Market Cap - DON'T just look at share prices!","https://www.reddit.com/r/wallstreetbets/comments/kjhm6b/gme_historical_market_cap_dont_just_look_at_share/"
1608825128,"pc-dingdong","Merry Christmas retards. GME STIC PLTR ğŸš€ğŸš€ğŸš€ğŸš€ğŸš€","https://i.redd.it/w3hcqizkp5761.jpg"
1608822687,"Apexlegendy","GME Party is over time to find another cash cow","https://www.reddit.com/r/wallstreetbets/comments/kjgyah/gme_party_is_over_time_to_find_another_cash_cow/"
1608822425,"robbinhood69","Petition to change ticker GME to GAME at next shareholder meeting ğŸš€ğŸš€ğŸš€","https://www.reddit.com/r/wallstreetbets/comments/kjgvso/petition_to_change_ticker_gme_to_game_at_next/"
1608821776,"Jxaviero","DONâ€™T FAIL ME NOW GME","https://www.reddit.com/r/wallstreetbets/comments/kjgpkt/dont_fail_me_now_gme/"
1608820367,"Apexlegendy","Just bought 2000 GME shares. Anyone else buying today?","https://www.reddit.com/r/wallstreetbets/comments/kjgd21/just_bought_2000_gme_shares_anyone_else_buying/"
1608819398,"proper_plasma","GME squeeze and iBorrowDesk","https://www.reddit.com/r/wallstreetbets/comments/kjg4ft/gme_squeeze_and_iborrowdesk/"
1608818849,"Apexlegendy","Whats the projection of GME to end of year?","https://www.reddit.com/r/wallstreetbets/comments/kjfzua/whats_the_projection_of_gme_to_end_of_year/"
1608818711,"Yaboimike1211","See u retards in tendy town... why tf is everyone not yoloing on puts the day after a historically quick run... all the people that made ridiculous money from GME are going to buy a PS5 today and sell so they can play COD liquid af","https://i.redd.it/skb33k9i65761.jpg"
1608818198,"Apexlegendy","Anyone buying GME today at $20?","https://www.reddit.com/r/wallstreetbets/comments/kjfu40/anyone_buying_gme_today_at_20/"
1608818186,"Euphoric-Raise6811","GME or PLTR today?","https://www.reddit.com/r/wallstreetbets/comments/kjfu06/gme_or_pltr_today/"
1608815560,"KaliliK","Starting with $300 50/50 GME and PLTR","https://www.reddit.com/r/wallstreetbets/comments/kjf84c/starting_with_300_5050_gme_and_pltr/"
1608813089,"impex90","Soon my GME Gang","https://v.redd.it/tz81h8qpp4761"
1608812617,"TomWaah","GME insider buying","https://www.reddit.com/r/wallstreetbets/comments/kjelht/gme_insider_buying/"
1608811032,"kimjongschlong","New to stocks and hyped reading all this GME stuff","https://www.reddit.com/r/wallstreetbets/comments/kje9fe/new_to_stocks_and_hyped_reading_all_this_gme_stuff/"
1608809459,"Rising420","GME insider buying","https://www.reddit.com/r/wallstreetbets/comments/kjdy2m/gme_insider_buying/"
1608808662,"Razzooz","The GME short burn has begun, all aboard! ğŸš€","https://v.redd.it/depynxkec4761"
1608800459,"ucjor","Fringe GME DD: Melvin Capital's 2nd largest *long* holding dumping in Hong Kong trading","https://www.reddit.com/r/wallstreetbets/comments/kjc6r0/fringe_gme_dd_melvin_capitals_2nd_largest_long/"
1608800164,"ucjor","Fringe GME DD: Melvin Capital's 2nd largest long holding dumping in Hong Kong trading","https://i.redd.it/cymt91pbn3761.jpg"
1608797424,"robbinhood69","Weâ€™re being brigaded. GME gonna spike premarket tm to collect weekly yolos at open then sell off","https://www.reddit.com/r/wallstreetbets/comments/kjbm2b/were_being_brigaded_gme_gonna_spike_premarket_tm/"
1608796359,"Snow_Monkeysj5","GME (Help)","https://www.reddit.com/r/wallstreetbets/comments/kjbep3/gme_help/"
1608790877,"DwedPiwateWoberts","When Jim tries to mess with our GME tendies","https://i.redd.it/7h7anzlqv2761.jpg"
1608787254,"TrainforTendieTown","GME Gang 12/21/20","https://v.redd.it/jwze13fek2761"
1608787212,"Roadkill80","Another Very Long GME Analysis ğŸš€ğŸš€ğŸš€","https://www.reddit.com/r/wallstreetbets/comments/kj9gxi/another_very_long_gme_analysis/"
1608783263,"kissmymsmc","Iâ€™m here for the GME gang bang...","https://i.imgur.com/HY0QwWE.jpg"
1608779753,"Sloppy_JoeBK","Gabe Plotkin - confirmed enemy and known fuckup for shorting GME (Melvin Capital)","https://www.reddit.com/r/wallstreetbets/comments/kj7ll9/gabe_plotkin_confirmed_enemy_and_known_fuckup_for/"
1608779063,"rustincoh1e","Why GME could squeeze as early as tomorrow","https://www.reddit.com/r/wallstreetbets/comments/kj7f8c/why_gme_could_squeeze_as_early_as_tomorrow/"
1608778414,"robbinhood69","Tomorrow might be a painful day at Melvin Capital, their 2nd largest long is Baba (calls too lmfao), they also famously held 54k July GME puts until a few weeks ago","https://www.reddit.com/r/wallstreetbets/comments/kj793i/tomorrow_might_be_a_painful_day_at_melvin_capital/"
1608778186,"27onfire","This Tuesday when GME opens @ 52 and ğŸš€ğŸš€ğŸš€ğŸš€ to 69.420 right before close-","https://v.redd.it/qctgcyqvt1761"
1608777972,"27onfire","This Tuesday when GME opens @ 52 and ğŸš€ğŸš€ğŸš€ğŸš€ to 69.420 right before close-","https://v.redd.it/kfur2y2xs1761"
1608776687,"dildoflexing","GME DD Fresh Perspectives Pt 2. Gamestop vs Amazon","https://www.reddit.com/r/wallstreetbets/comments/kj6sz7/gme_dd_fresh_perspectives_pt_2_gamestop_vs_amazon/"
1608775687,"johnnyfortycoats","Breaking News : PSTH to buy GME","https://www.reddit.com/r/wallstreetbets/comments/kj6jif/breaking_news_psth_to_buy_gme/"
1608774761,"jbro12345","Gather Around Little Speds, it's GME Time.","https://www.reddit.com/r/wallstreetbets/comments/kj6aqd/gather_around_little_speds_its_gme_time/"
1608772261,"MoonRei_Razing","Total Domination, ğŸ’ ğŸ¤š required. GME","https://i.redd.it/n8i8ksx5c1761.png"
1608771242,"KYJELLYTIME69","The put options that messed up our GME run today","https://www.reddit.com/r/wallstreetbets/comments/kj5day/the_put_options_that_messed_up_our_gme_run_today/"
1608770887,"SnooWalruses7854","Look at this retard trying to short GME","https://www.reddit.com/r/wallstreetbets/comments/kj59wy/look_at_this_retard_trying_to_short_gme/"
1608768366,"JamesRoth949","I have concluded that If we are to reach GME at $500 per share by July 2021 we must climb at a conservative 1.6% a day, which is plenty of time. Once in a life time 2300% gains here we come! ğŸ˜¤ GAYME OR DIE TRYING!","https://i.redd.it/fbqw9sys01761.jpg"
1608766158,"GME-","GME to the Moon ğŸ”¥ğŸ’¯ğŸ™ğŸŒšğŸš€ğŸš€ğŸš€","https://i.redd.it/zyai8lk8u0761.jpg"
1608763787,"shadow4556","Yes please keep spamming GME","https://www.reddit.com/r/wallstreetbets/comments/kj3738/yes_please_keep_spamming_gme/"
1608762383,"Oogway_panda-123","New Member. Too late to get in on the GME action?","https://www.reddit.com/r/wallstreetbets/comments/kj2s1w/new_member_too_late_to_get_in_on_the_gme_action/"
1608762201,"Seatt50kd","GME about to do an offering.","https://www.reddit.com/r/wallstreetbets/comments/kj2q3g/gme_about_to_do_an_offering/"
1608759986,"youseeberkeley","GME is headed to the moon and further, this is the time to stand strong! Don't let those shorts scare us! TO THE MOON OR BUST! (short term target 50.67) ğŸš€ğŸš€ğŸš€ğŸš€ğŸš€ğŸš€ğŸš€ğŸš€ğŸš€ğŸš€ğŸš€ğŸš€ğŸš€ğŸš€ğŸš€ğŸš€ğŸš€ğŸš€ğŸš€ğŸš€ğŸš€ğŸš€","https://www.reddit.com/r/wallstreetbets/comments/kj226v/gme_is_headed_to_the_moon_and_further_this_is_the/"
1608759233,"lib3rty47","I see your GME and raise you a KFC console more powerfull than PS5/XBOX!","https://i.redd.it/nvcbc8vf90761.jpg"
1608757900,"cincopea","GME Infinite Squeeze","https://i.redd.it/292vqv3k50761.jpg"
1608757572,"DeepFuckingValue","GME YOLO update â€” Dec 23 2020","https://i.redd.it/5argurri40761.png"
1608757501,"haventredditeither","GME gains, can't get INUV of this!","https://www.reddit.com/r/wallstreetbets/comments/kj1alz/gme_gains_cant_get_inuv_of_this/"
1608757130,"Revolutionary-Win485","GME 12/24 C17","https://www.reddit.com/r/wallstreetbets/comments/kj16cx/gme_1224_c17/"
1608755946,"Smell_Of_Cocaine","GME bulls this week","https://i.redd.it/fqoac3gvzz661.jpg"
1608755922,"dankbob_memepants_","GME this week ğŸš€ğŸš€ğŸš€","https://i.redd.it/3lsddkwszz661.jpg"
1608755753,"[deleted]","GME this week ğŸš€ğŸš€ğŸš€","https://i.redd.it/o0954ntazz661.jpg"
1608755728,"[deleted]","GME this week","https://i.redd.it/2qz8dh58zz661.jpg"
1608755182,"PencesElectrician","GME BULLS MAKE IT RAIN!! ğŸ’ğŸ™ŒğŸš€ğŸ¤‘","https://v.redd.it/bk5dfb2exz661"
1608752861,"The_Bossss","GME autists. Please DO NOT let the SHORTS Manipulate you like this again: Evidence 12/23","https://www.reddit.com/r/wallstreetbets/comments/kizv0v/gme_autists_please_do_not_let_the_shorts/"
1608752844,"Bosox708","GME Bagholder reporting in. Target: ğŸš€ğŸŒ‘","https://i.redd.it/vqmo14anqz661.jpg"
1608751080,"Jee_Willikers","Top mentioned options for GME on WSB ğŸš€ğŸš€ğŸš€ğŸš€","https://i.redd.it/ibkt9u8zkz661.png"
1608750151,"SaltyXiangQi","***Daytrading GME, Options trading GME, Buying GME stock","https://www.reddit.com/r/wallstreetbets/comments/kiz0mo/daytrading_gme_options_trading_gme_buying_gme/"
1608749513,"PencesElectrician","GME FTW BABY!!!! ğŸš€ğŸš€ğŸš€","https://v.redd.it/cwpmuewlgz661"
1608749260,"PencesElectrician","GME FTW BABY!!!!!! ğŸš€ğŸš€ğŸš€ğŸš€","https://v.redd.it/xk63a4axfz661"
1608749248,"bluejaydj","GME Ragnarok","https://v.redd.it/e1uqcfcofz661"
1608748809,"ahminus","GME out @ $21.85","https://www.reddit.com/r/wallstreetbets/comments/kiylj6/gme_out_2185/"
1608748250,"Goldenguy_","Bottom 3 are me trying things my own way. Top three are when I listened to WSB. 1 day gain. Get on that GME train! Choo choo!","https://i.redd.it/9o5q0uhzcz661.jpg"
1608747327,"Turnover-Zestyclose","Once again two lines can only mean one thing; GME to the ğŸŒ™ğŸš€ğŸš€ğŸš€ğŸš€","https://i.redd.it/9obiygt8az661.jpg"
1608747205,"Turnover-Zestyclose","Once again two lines can only mean one thing; GME to the ğŸŒ™ğŸš€ğŸš€ğŸš€ğŸš€","https://i.redd.it/sbyfw6lv9z661.jpg"
1608746840,"TheJoneaDiggity","GME Was told to take profits. I will. When I land on the moon. ğŸš€ğŸŒ•","https://i.redd.it/518dibhs8z661.jpg"
1608746049,"Bababooey6945","GME to the moon ğŸš€ ğŸ’ nobody dump it get the squeeze","https://i.redd.it/8spj7uzf6z661.jpg"
1608745325,"PencesElectrician","ALL ABOARD THE GME MOON MISSION ğŸš€ğŸš€ğŸš€ğŸš€","https://v.redd.it/j0ixdvs04z661"
1608745306,"thegirthwormjim","Your heads are so far up PLTR and GME ass yâ€™all are sleeping on UUUU!","https://i.redd.it/fy845hf84z661.jpg"
1608745185,"PencesElectrician","ALL ABOARD THE GME MOON MISSION ğŸš€ğŸš€ğŸš€","https://v.redd.it/e4r8i7ln3z661"
1608744329,"fuck","moved my 401k into GME this morning","https://www.reddit.com/r/wallstreetbets/comments/kix79j/moved_my_401k_into_gme_this_morning/"
1608744113,"ihasanemail","GME management &amp; Ryan Cohen remind me a lot of the Blockbuster &amp; Carl Icahn disaster of 2010","https://www.reddit.com/r/wallstreetbets/comments/kix4q6/gme_management_ryan_cohen_remind_me_a_lot_of_the/"
1608744108,"hallalex831","Thread for everyone not in GME","https://www.reddit.com/r/wallstreetbets/comments/kix4no/thread_for_everyone_not_in_gme/"
1608743179,"AnotherDoctorGonzo","Me holding my 1 call for 4/16 GME $12","https://i.redd.it/cxkd84swxy661.gif"
1608742351,"BrainsNotBrawndo","WSB GME Game Train: going chew-chew! ğŸš€ğŸš€ğŸš€","https://v.redd.it/5d5zusi2uy661"
1608742170,"ControlPlusZ","Please help me get my GME gains to six figures...","https://i.redd.it/yvur7hjuuy661.png"
1608741946,"TheyCallMeFuckBoi","GME Holders: Is this a squeeze?","https://i.redd.it/9sq7qop4uy661.jpg"
1608741259,"sortasilent","Lost 11k of college tuition ALL IN ON GME ğŸš€","https://www.reddit.com/gallery/kiw8kh"
1608741205,"Spatsnation","GME GANG CHECKING IN. TO THE MOON ğŸš€ğŸš€ğŸš€ğŸš€ğŸš€","https://i.redd.it/mw3qy2f1sy661.jpg"
1608739966,"j__p__","You retards are making it harder for Daddy Cohen to take over GME","https://www.reddit.com/r/wallstreetbets/comments/kivulo/you_retards_are_making_it_harder_for_daddy_cohen/"
1608739688,"Major_Art","GME newbie","https://www.reddit.com/r/wallstreetbets/comments/kivrmb/gme_newbie/"
1608739360,"National-Meet2131","*Pelosi And Schumer Agree To Trump's Demand For $2,000 Stimulus Checks* Which table are you going all in at, at the stock market casino? Iâ€™m thinking 1/2 IDEX 1/2 GME OTM 2023 calls ğŸŒ™","https://v.redd.it/h2ietx52my661"
1608739182,"Osrsdoesntcare","MY GME CUP AND HANDLE","https://i.redd.it/9xj5jjx0my661.jpg"
1608738746,"Koosh_ed","Why arenâ€™t GME Shorts Covering?","https://www.reddit.com/r/wallstreetbets/comments/kivhfx/why_arent_gme_shorts_covering/"
1608738319,"skipmalinger","Team GME checking in for takeoff ğŸš€","https://i.redd.it/uqmvi5igjy661.jpg"
1608737679,"Ms_Pacman202","GME Gang Calls","https://www.reddit.com/r/wallstreetbets/comments/kiv6cm/gme_gang_calls/"
1608737479,"promiseaik","GME target $50","https://www.reddit.com/gallery/kiv44e"
1608736716,"LazyJBo","Fuck Elon, Fuck PLTR, fuck the whole solar system, GME is on a its way to outer space!","https://i.redd.it/jxqx75woey661.jpg"
1608736644,"SlightShift","You autismos convinced me, 103 shares of GME to the moon ğŸš€ğŸš€ğŸš€ğŸš€ğŸš€","https://i.redd.it/kwaoknahey661.jpg"
1608736463,"pappa4484","RC ventures rise up! GME ğŸš€ğŸš€ğŸš€ğŸš€","https://i.redd.it/rt9rxbtxdy661.jpg"
1608736320,"jsmerrill95","I think we need to see some loss porn from the ğŸŒˆğŸ» that's doubted the GME play","https://www.reddit.com/r/wallstreetbets/comments/kiurz7/i_think_we_need_to_see_some_loss_porn_from_the/"
1608736188,"felibrown2","LFG RETARDS GME TO THE MARS!!!! ğŸš€ğŸš€ğŸš€ğŸš€ğŸš€ğŸš€ğŸš€ğŸš€ğŸš€ğŸš€ğŸš€ğŸš€ğŸš€ğŸš€ğŸš€","https://i.redd.it/gnc8hve4dy661.jpg"
1608736187,"walkermcd","Sold 7 18$ 12/24 GME covered call contracts and donâ€™t want to lose my shares!","https://www.reddit.com/r/wallstreetbets/comments/kiuqoc/sold_7_18_1224_gme_covered_call_contracts_and/"
1608735895,"Bombayzayy","GME holding my portfolio together like","https://i.redd.it/6qt9s519cy661.jpg"
1608735859,"quantkim","GME $50 ğŸŒ™","https://i.redd.it/lza4qb15cy661.jpg"
1608733380,"andynyc","GME Holdings. 4,243 shares and calls. Jan 21 22 30c. Will we have a merry xmas?","https://i.redd.it/u7w7azhl4y661.png"
1608732318,"CPTHubbard","GME Short Squeeze and Ryan Cohen DD for Jim Cramer, The (Man)Child Who Wandered Into the Middle of the GME-Cohen Movie ğŸš€ ğŸš€ ğŸš€","https://www.reddit.com/r/wallstreetbets/comments/kito44/gme_short_squeeze_and_ryan_cohen_dd_for_jim/"
1608731892,"Stewpedastel","GME BULLS , HOLD THE LINE","https://i.redd.it/1wa21mkc0y661.jpg"
1608731808,"Analoghogdog","What do you guys think GME is actually worth?","https://www.reddit.com/r/wallstreetbets/comments/kitis0/what_do_you_guys_think_gme_is_actually_worth/"
1608731145,"Beebe82","GME Gang Workplace Attire","https://i.redd.it/um858074yx661.jpg"
1608728378,"Xephyr_AD","Setting sell target for GME position (WeBull)","https://www.reddit.com/r/wallstreetbets/comments/kismxv/setting_sell_target_for_gme_position_webull/"
1608727254,"satago","GME LOTR","https://v.redd.it/39sp5ypamx661"
1608721699,"throwbackBBfan","GME positions","https://www.reddit.com/r/wallstreetbets/comments/kir6ug/gme_positions/"
1608720933,"EAJ0429","GME Today","https://www.reddit.com/r/wallstreetbets/comments/kir1hb/gme_today/"
1608717280,"BioEndeavour","GME Longterm. Is Digital Distribution of Video Games Bound to Take Over?","https://www.reddit.com/r/wallstreetbets/comments/kiqbzg/gme_longterm_is_digital_distribution_of_video/"
1608716974,"imm_uol1819","GME breaking the $20 wall premarket","https://www.reddit.com/r/wallstreetbets/comments/kiq9xq/gme_breaking_the_20_wall_premarket/"
1608715651,"salttrail","GME 9% up in premarket ğŸš€","https://i.redd.it/g99oejy1ow661.jpg"
1608715239,"bottledwaterisascam","GME up 10% AH. Broke $20 ğŸš€ğŸš€ğŸš€","https://www.reddit.com/r/wallstreetbets/comments/kipy9r/gme_up_10_ah_broke_20/"
1608713741,"TangerIl","WSB LIBERATES GME FROM ğŸŒˆ ğŸ»","https://v.redd.it/zfa2a8v1hw661"
1608709839,"akfreerider87","Alright, which one of you retards pitched this to KFC? It warms your tendies while you game and GME can sell it.","https://i.redd.it/t2khagrr6w661.jpg"
1608704640,"TherapyThrowawayC","What do you guys honestly think about buying GME at $19.5?","https://www.reddit.com/r/wallstreetbets/comments/kinta8/what_do_you_guys_honestly_think_about_buying_gme/"
1608702998,"timwwww","Why is GME going up","https://www.reddit.com/r/wallstreetbets/comments/kinfp1/why_is_gme_going_up/"
1608702923,"StylizedPortfolio","GME Debt Payment","https://www.reddit.com/r/wallstreetbets/comments/kinf41/gme_debt_payment/"
1608702214,"Xprrhs","GME","https://www.reddit.com/r/wallstreetbets/comments/kin95h/gme/"
1608700143,"xLogicx01","GME Gain ğŸš€. Start somewhere","https://i.redd.it/nbaiigwxdv661.jpg"
1608699973,"Bazing4baby","MRW seeing GME today after eating beans for the past weeks.","https://i.redd.it/esbm6muddv661.jpg"
1608698538,"sneakersourcerer","Late night GME Porn","https://i.redd.it/oohb6h369v661.jpg"
1608697769,"dev_bet","Should I short GME","https://www.reddit.com/r/wallstreetbets/comments/kim3gf/should_i_short_gme/"
1608694893,"dildoflexing","GME DD Fresh Perspectives Only Pt.1","https://www.reddit.com/r/wallstreetbets/comments/kilbbv/gme_dd_fresh_perspectives_only_pt1/"
1608694267,"Senseisntsocommon","GME short squeeze is a myth that assumes massive incompetence from people that actually know what they are doing.","https://www.reddit.com/r/wallstreetbets/comments/kil4wu/gme_short_squeeze_is_a_myth_that_assumes_massive/"
1608692263,"bruhpmoment","GME calls still the move?","https://www.reddit.com/r/wallstreetbets/comments/kikkja/gme_calls_still_the_move/"
1608691046,"Prince_Chunk","You son of a bitch Iâ€™m in!! GME ğŸš€ğŸš€","https://www.reddit.com/r/wallstreetbets/comments/kik8kq/you_son_of_a_bitch_im_in_gme/"
1608687830,"krab_rave","Ok autists just how high do you think GME will go?","https://www.reddit.com/r/wallstreetbets/comments/kijb73/ok_autists_just_how_high_do_you_think_gme_will_go/"
1608686605,"Bababooey6945","Me gaining 30% profit and losing it all 2 days after selling GME and watching retards gain 25%","https://i.redd.it/3732m73o9u661.jpg"
1608684873,"Creative_Fault","The GME short squeeze OTM options play fit for WSB","https://www.reddit.com/r/wallstreetbets/comments/kiifmr/the_gme_short_squeeze_otm_options_play_fit_for_wsb/"
1608684080,"blackrussian023","GME (Gamestop) sell price","https://www.reddit.com/r/wallstreetbets/comments/kii72r/gme_gamestop_sell_price/"
1608682810,"walshipotamus","GME blasting off. I'm not selling!","https://i.redd.it/k0bg8mheyt661.png"
1608682149,"De3NA","GME YOLO","https://i.redd.it/3wk9dfhfwt661.jpg"
1608681240,"Commercial-Cable3314","GME gay bears short squeeze ğŸ» ğŸŒˆğŸŒˆğŸŒˆğŸŒˆğŸŒˆ","https://i.redd.it/9z9z2gdqtt661.jpg"
1608680854,"leethobbit","Ignore the GME YOLOs - I have the DDs and $50 price targets!","https://i.redd.it/54193t6hst661.png"
1608679120,"KYJELLYTIME69","[DD] Bear thesis on GME from a GME bull","https://www.reddit.com/r/wallstreetbets/comments/kignn7/dd_bear_thesis_on_gme_from_a_gme_bull/"
1608679090,"badgerbacon6","End of the World for GME Bears | 2012 ğŸ® ğŸ®ğŸš€ğŸš€","https://v.redd.it/qvgxlpu0nt661"
1608678931,"DBroker1997","GME to da moon ğŸš€ğŸš€ğŸš€ğŸš€ğŸš€ ğŸš€ğŸš€ğŸš€ğŸš€ğŸš€ğŸš€ğŸš€ğŸš€ğŸš€ğŸš€ğŸš€ğŸš€ğŸš€ğŸš€ğŸš€ğŸš€ğŸš€","https://v.redd.it/hsh7f2comt661"
1608678089,"TexasExPat1","u/DeepFuckingValue after GME squeezes to the moon ğŸš€ğŸš€ğŸš€","https://v.redd.it/b7wyqixbkt661"
1608677603,"stealthevan","GME","https://www.reddit.com/r/wallstreetbets/comments/kig5v3/gme/"
1608674788,"BitRulez","GME ğŸš€ğŸš€ğŸš€","https://v.redd.it/q2uzkav4at661"
1608674178,"AqeedBrat","More GME Fun!","https://www.reddit.com/gallery/kif1ze"
1608673645,"nanana_catdad","First day I listened to you WSB autists. Guess it's time to YOLO all my savings. GME to mars ğŸš€ğŸš€ğŸš€ğŸš€","https://i.redd.it/nne03oh47t661.jpg"
1608673105,"Banaanmetzout","considering a yolo on GME","https://www.reddit.com/r/wallstreetbets/comments/kiepmu/considering_a_yolo_on_gme/"
1608673054,"dancinadventures","It's over 9000! - GME","https://i.redd.it/32ip4jv85t661.jpg"
1608672981,"henryshoe","GME is GameStop?!?!?!?","https://www.reddit.com/r/wallstreetbets/comments/kieo62/gme_is_gamestop/"
1608672002,"dildoflexing","GME autists. Please DO NOT let the SHORTS Manipulate you like this again.","https://www.reddit.com/r/wallstreetbets/comments/kiecy9/gme_autists_please_do_not_let_the_shorts/"
1608671735,"Coffee4thewin","Me getting 2% in TSLA today while GME gets 25%","https://i.redd.it/rjz20nke1t661.gif"
1608670994,"DeepFuckingValue","GME YOLO update â€” Dec 22 2020","https://i.redd.it/25f04qy3zs661.png"
1608670910,"r34p3rex","Some nice GME tendies ğŸ¤‘","https://i.redd.it/bhpngso0zs661.jpg"
1608670520,"Nick_of_Nebraska","Waiting on the GME SS like...","https://www.reddit.com/r/wallstreetbets/comments/kidvs2/waiting_on_the_gme_ss_like/"
1608668382,"whagarman123","GME SHORT SQUEEZE IS NOT OVER","https://www.reddit.com/r/wallstreetbets/comments/kid6m4/gme_short_squeeze_is_not_over/"
1608667505,"convolutionx","GME Short Volume: Still going strong!?","https://www.reddit.com/r/wallstreetbets/comments/kicw8m/gme_short_volume_still_going_strong/"
1608667403,"Som3a92","Should I buy GME now or wait for a dip?","https://www.reddit.com/r/wallstreetbets/comments/kicuzn/should_i_buy_gme_now_or_wait_for_a_dip/"
1608667358,"lunaticonskis","Took my lunch money and bought GME calls this morning. Turned that shit into $300.","https://www.reddit.com/r/wallstreetbets/comments/kicueu/took_my_lunch_money_and_bought_gme_calls_this/"
1608665942,"l_kane97","Bears are fighting hard, but GME to the moon is inevitable ğŸš€ğŸš€ğŸš€","https://v.redd.it/l24cx853ks661"
1608665532,"quantkim","GME rocket touches 20. Congrats long / call holders","https://i.redd.it/li2ryhr0js661.jpg"
1608665492,"ucjor","Pro tip: Make sure to YOLO GME in your roth IRA for tax free gainz","https://i.redd.it/svds46lwis661.jpg"
1608665460,"ChiknBreast","GME","https://www.reddit.com/r/wallstreetbets/comments/kic8bu/gme/"
1608665296,"harvyevr","When GME hits $20, do you think weâ€™ll see another spike?","https://www.reddit.com/r/wallstreetbets/comments/kic6da/when_gme_hits_20_do_you_think_well_see_another/"
1608665045,"AnyoneButLiverpool30","Should I buy GME now or wait for a dip?","https://www.reddit.com/r/wallstreetbets/comments/kic3f1/should_i_buy_gme_now_or_wait_for_a_dip/"
1608664943,"PencesElectrician","GME bulls today","https://v.redd.it/ld7om3j6hs661"
1608664769,"Special_Muffin_7029","Go GME ğŸ˜‚","https://www.reddit.com/r/wallstreetbets/comments/kic0a3/go_gme/"
1608664461,"IComeToWSBToLaugh","GME IS SPREADING LEGS GET YOUR TENDIESğŸš€ğŸš€ğŸš€ğŸš€","https://i.redd.it/3ay803zqfs661.jpg"
1608664334,"VirgeRL","GME Option.. do I exercise or sell? Iâ€™m new to options","https://i.redd.it/uem050igfs661.jpg"
1608664323,"PencesElectrician","Live look in at GME bulls","https://v.redd.it/4nz3no75fs661"
1608664315,"thechriskolja","Hear me out fellow retards and autists from all continents. GME is a godspeed self-fulfilling prophecy. For every guy, who uploads a picture of his gains after a day like this, there are 3 who decide that's the right time to buy and 3 ğŸŒˆ-melvin-ğŸ» who have to cover their shorts. Here we go ğŸš€ğŸš€ğŸš€","https://i.redd.it/dcd7i6t8fs661.png"
1608664230,"thechriskolja","Hear me out fellow retards and autists from all continents. GME is a godspeed self-fulfilling prophecy. For every guy, who uploads a picture of his gains after a day like this, there are 3 who decide that's the right time to buy and 3 gay Melvin ğŸ» who have to cover their shorts. Here we go ğŸš€ğŸš€ğŸš€","https://i.redd.it/gym4bf1zes661.png"
1608663345,"tokidiary","To the ğŸŒˆğŸ» shitting on GME","https://www.reddit.com/r/wallstreetbets/comments/kibjdi/to_the_shitting_on_gme/"
1608663029,"tetaGangFTW","Anybody else getting their lube ready for the DeepFuckingValue GME post today","https://www.reddit.com/r/wallstreetbets/comments/kibfon/anybody_else_getting_their_lube_ready_for_the/"
1608662385,"Aven","ğŸŒˆğŸ» Are Fuk GME and market will ğŸš€ ğŸš€ğŸš€","https://www.reddit.com/r/wallstreetbets/comments/kib8d1/are_fuk_gme_and_market_will/"
1608661890,"IComeToWSBToLaugh","GME GANG RISE UP YOUR TENDIES ARE HERE ğŸš€ğŸš€ğŸš€ğŸš€ğŸš€ğŸš€ğŸš€ğŸš€ğŸš€ğŸš€ğŸš€ğŸš€ğŸš€ğŸš€ğŸš€ğŸš€","https://i.redd.it/mkmhml3z7s661.jpg"
1608661699,"packedfanny","Went to my local GME store today. Iâ€™m new to options, does this mean I should buy calls or puts?","https://i.redd.it/0smjkick7s661.jpg"
1608661292,"TheJoneaDiggity","GME ğŸš€ğŸŒ•ğŸš€ğŸŒ•ğŸš€ğŸŒ•","https://i.redd.it/e5b2xv1f6s661.jpg"
1608661208,"HellofaUserName2","$3000 from GME today. Couldnâ€™t have done it without you guys ğŸ˜Š","https://v.redd.it/2tk3s6vm5s661"
1608661002,"sneakersourcerer","GME Gang check in","https://i.imgur.com/ixjE9Oa.jpg"
1608658276,"screamzoop","went all in in GME options, almost doubled my money","https://i.redd.it/xa268hgfxr661.png"
1608657251,"ProvidenceXz","Very Solid DD Found on Twitter ğŸš€ğŸš€ğŸš€ GME to the moon","https://i.redd.it/on4bkqsdur661.jpg"
1608657161,"NoamHedges","I'm tired of seeing these dumpster fire GME posts, so I hope I steal just a little bit of your money.","https://i.redd.it/fokvtgv4ur661.jpg"
1608656567,"supremeslp","Why a $150 price target for GME is realistic","https://www.reddit.com/r/wallstreetbets/comments/ki99rp/why_a_150_price_target_for_gme_is_realistic/"
1608656471,"nodeal-ordeal","GME squeeze coming? +23% so far","https://www.reddit.com/r/wallstreetbets/comments/ki98gu/gme_squeeze_coming_23_so_far/"
1608655621,"The_Bossss","GME Gang, let's fill those gaps! Blue range break out! Can't stop, won't stop, Gamestop!","https://i.redd.it/b87nm3f5pr661.jpg"
1608654660,"SUMSTRA","GME","https://www.reddit.com/r/wallstreetbets/comments/ki8m9o/gme/"
1608653523,"Gabriele25","GME Gang today ğŸš€ğŸš€ğŸš€","https://i.redd.it/69pqqy7ajr661.jpg"
1608653441,"siwakotisaurav","Google predicting the GME pop","https://i.redd.it/51ymsdyzir661.jpg"
1608653387,"hijile14","GME to the moon bois!!! LETS GOğŸš€ğŸš€ğŸš€ğŸš€ğŸš€ğŸš€ğŸš€ğŸš€ğŸš€ğŸš€ğŸš€ğŸš€ğŸš€ğŸš€ğŸš€ğŸš€ğŸš€ğŸš€ğŸš€ğŸš€ğŸš€ğŸš€ğŸš€ğŸš€ğŸš€ğŸš€ğŸš€ğŸš€ğŸš€","https://www.reddit.com/r/wallstreetbets/comments/ki87st/gme_to_the_moon_bois_lets_go/"
1608652904,"nmetroo","Buy this GME dip!! $20 EOD not EOY!!ğŸš€ğŸš€","https://i.redd.it/qna7y95hhr661.jpg"
1608652847,"woodshedpete","GME SHORT SQUEEZE MARKET ORDER BOYZ","https://www.reddit.com/r/wallstreetbets/comments/ki81ea/gme_short_squeeze_market_order_boyz/"
1608652808,"rusthrow","A live look of the ğŸŒˆğŸ»vs the GME Autistnauts","https://v.redd.it/jowfwi2zgr661"
1608652318,"Ackilles","GME Float....floating away","https://www.reddit.com/r/wallstreetbets/comments/ki7vdr/gme_floatfloating_away/"
1608652292,"mchlprni","GME subtly communicating us that ğŸš€ short squeeze has begun","https://i.redd.it/e9fjy8ncfr661.png"
1608652288,"abc6d19","GME TO THE MOOOON","https://i.redd.it/9n17dg8nfr661.jpg"
1608651963,"6foot7dutchguy","GME","https://www.reddit.com/r/wallstreetbets/comments/ki7rfm/gme/"
1608651472,"c4tmu5","GME to the moon!","https://i.redd.it/7o1i9yp7dr661.jpg"
1608651245,"OprahIsHungry","GME soldier doing my part!","https://imgur.com/6jqCWHG"
1608651075,"anon10384","GME GANG KILL ALL THE SHORTSâŒâŒâŒâŒ","https://www.reddit.com/r/wallstreetbets/comments/ki7hqo/gme_gang_kill_all_the_shorts/"
1608651045,"PossiblyTired","GME GANG ğŸš€ğŸš€ğŸš€ğŸš€ ğŸŒˆğŸ» are fukt","https://i.redd.it/h7ne756ybr661.jpg"
1608650578,"ZachieChannnn","GME ğŸŒˆ ğŸ»â€™s right now","https://i.redd.it/snuf3i2kar661.jpg"
1608650092,"BlackFlagBudget","Autist in training. GME tendies are the way!","https://i.redd.it/4j8rhz149r661.jpg"
1608649966,"hiimgosu2002","LIVE FOOTAGE OF GME RIGHT NOWğŸš€ğŸš€ğŸš€ğŸš€ğŸš€ğŸš€ğŸš€","https://i.redd.it/0qe6g9iq8r661.jpg"
1608649866,"RomuXd","HOW ARE MY FELLOW GME BOYS FEELING THIS WONDERFUL TUESDAY MORNING","https://i.redd.it/pn7vuzvf8r661.jpg"
1608649664,"Stewpedastel","GME GANG CHECKING IN , WE SHALL WIN THIS WAR BROTHERS","https://v.redd.it/jch2hgxo7r661"
1608649261,"Objective_Stage","GME search trends","https://www.reddit.com/r/wallstreetbets/comments/ki6xf6/gme_search_trends/"
1608649245,"jwakk1","GME is on a moon mission","https://www.reddit.com/r/wallstreetbets/comments/ki6x8s/gme_is_on_a_moon_mission/"
1608649226,"anon10384","GME GANG ğŸ’ ğŸ™ŒğŸ¼ READY FOR TAKEOFFğŸš€ğŸš€ğŸš€ğŸš€ğŸš€ğŸš€ğŸš€","https://www.reddit.com/r/wallstreetbets/comments/ki6x0p/gme_gang_ready_for_takeoff/"
1608648705,"Corno4825","GME ğŸš€ ğŸš€ ğŸš€ ğŸš€ ğŸš€ ğŸš€ ğŸš€ ğŸš€ ğŸš€ ğŸš€ ğŸš€ ğŸš€","https://i.redd.it/zij9jelw4r661.jpg"
1608648594,"imposter22","doing my part. yolo my $200k on GME stock today... expect great things after Christmas. ğŸš€ğŸš€ğŸš€ğŸš€ğŸš€","https://i.redd.it/py19r3cg4r661.png"
1608648285,"Outofthemoney777","People who bought PLTR and GME this morning","https://v.redd.it/lmj1aq7q3r661"
1608644925,"CuckyMonstr","Ryan Cohen buys another 20 million of GME","https://twitter.com/realwillmeade/status/1341374781938143234?s=19"
1608622735,"badgerbacon6","Doing My Part | Stimmy for GME ğŸ’ğŸš€ğŸ’ğŸš€","https://i.redd.it/8a7crj75zo661.jpg"
1608610733,"LockUpYourMilfs","Where all my GME diamond handers at?? ğŸ’ğŸ’","https://i.redd.it/acvxmwv20o661.jpg"
1608607042,"bri85","The more I check, the higher itâ€™ll go? GME ğŸš€","https://i.redd.it/sk0wt1s3pn661.jpg"
1608606705,"bri85","Am I doing this right? GME ğŸš€","https://i.redd.it/arope8q3on661.jpg"
1608602172,"sualk54","Why no GME porn?","https://www.reddit.com/r/wallstreetbets/comments/khvk72/why_no_gme_porn/"
1608586972,"TotesMcCray","Pump those Q4 earnings boys! GME is having a Christmas sale!","https://www.gamespot.com/amp-articles/gamestop-last-minute-holiday-sale-discounts-the-last-of-us-2-persona-5-royal-and-more/1100-6485284/"
1608585911,"GME-","GME","https://www.reddit.com/r/wallstreetbets/comments/khqm5f/gme/"
1608582136,"TPxG","THINK YOU FOOLS, THE GME DD IS RIGHT IN FRONT OF USğŸš€ğŸš€ğŸš€ğŸš€ğŸš€ğŸš€ğŸš€ğŸš€ğŸš€","https://www.reddit.com/r/wallstreetbets/comments/khpcyd/think_you_fools_the_gme_dd_is_right_in_front_of_us/"
1608576356,"Poland_Spring10","GME Discussion: If Cohen is buying GME at 16 then I'm willing to do my part","https://www.reddit.com/r/wallstreetbets/comments/khndh4/gme_discussion_if_cohen_is_buying_gme_at_16_then/"
1608576018,"Darth_Chancho_23","depressed ETF slave here, just put 10% of my college savings in GME","https://i.redd.it/htlpjbsu4l661.jpg"
1608571641,"DigitalJedi007","How GME is going to go to the Moon ğŸš€","https://v.redd.it/2elfbbgark661"
1608569783,"GushingGranny1","Ryan Cohen Is Gonna Do A Hostile Takeover Of GME","https://www.reddit.com/r/wallstreetbets/comments/khl7aj/ryan_cohen_is_gonna_do_a_hostile_takeover_of_gme/"
1608568714,"Monsstaa","GME Balance Sheet","https://www.reddit.com/r/wallstreetbets/comments/khkv22/gme_balance_sheet/"
1608566136,"Noah_B_Dee","GME TOO THE MOOOOOOON","https://www.reddit.com/r/wallstreetbets/comments/khk1fb/gme_too_the_mooooooon/"
1608562721,"sneakersourcerer","GME Bagholding","https://i.imgur.com/2qNRozR.jpg"
1608562554,"cyanlce","Ryan Cohen added more GME (13D/A) ğŸš€ğŸš€ğŸš€","https://www.reddit.com/r/wallstreetbets/comments/khix2v/ryan_cohen_added_more_gme_13da/"
1608561933,"HempInvader","GME - Cohen just upped his stake from 9.98% to 12.9%","https://www.reddit.com/r/wallstreetbets/comments/khiqgr/gme_cohen_just_upped_his_stake_from_998_to_129/"
1608561599,"Medical_Orange","Ryan Cohen buying shares of GME at $16 ğŸš€ğŸš€ğŸš€","https://www.reddit.com/r/wallstreetbets/comments/khimwf/ryan_cohen_buying_shares_of_gme_at_16/"
1608560501,"Medical_Orange","Ryan Cohen buying shares of GME at $16 ğŸš€ğŸš€ğŸš€","https://i.redd.it/v3e1ti4muj661.jpg"
1608559696,"sanirasheed","â€œHaving discussionsâ€ we know what that means! We loading our rocket up with printers and we are going to Pluto to print tendies there ğŸš€ğŸš€ğŸš€ğŸš€ğŸš€ğŸš€ GME goooo brrrrrrrrrr letâ€™s go 20$ EOY","https://i.redd.it/6ld1pekbsj661.jpg"
1608559002,"G23456789","GME to the fucking moon","https://i.redd.it/h8wjmn99qj661.jpg"
1608558193,"hanz3n","RC Ventures increases ownership of GME to 12.9%","https://www.reddit.com/r/wallstreetbets/comments/khhmzx/rc_ventures_increases_ownership_of_gme_to_129/"
1608558057,"quantkim","GME to the moon. Cohen bought 2.5m shares last week.","https://i.redd.it/u8spahwfnj661.jpg"
1608557782,"promiseaik","Ryan Cohen filed 13d - increased holding in GME","https://i.redd.it/txutqhlmmj661.jpg"
1608551795,"YoloAlgo","Last minute holiday shopping on the GME train","https://www.reddit.com/r/wallstreetbets/comments/khg01o/last_minute_holiday_shopping_on_the_gme_train/"
1608523451,"Uberkikz11","GME 4Q20 Financial Model ğŸš€ ğŸš€ ğŸš€","https://www.reddit.com/r/wallstreetbets/comments/kh9na8/gme_4q20_financial_model/"
1608508977,"anono87","Shorts vs bulls GME battle is getting personal. Which one of you autists is leaving reviews on Melvin Capital's Google reviews page?","https://i.redd.it/tuceaoz9lf661.png"
1608505747,"AmusedSeagull","GME spotted on an asteroid. Coincidence? I think not.","https://i.redd.it/tgfes1hwbf661.jpg"
1608502575,"its_Tow","Stimmy just enough to cover PS5/XBox = GME ğŸš€","https://www.reddit.com/r/wallstreetbets/comments/kh3n32/stimmy_just_enough_to_cover_ps5xbox_gme/"
1608499120,"kokoloko1010","What you guys think? PLTR will do the same as GME after the first ğŸš€. The PLTR ğŸš€ will make its way back to earth (DIP) for a short one just to take another ğŸš€ farther away","https://i.redd.it/xm0any27se661.jpg"
1608498775,"kokoloko1010","PLTR PUTS YOLO! All rockets have to touch earth again before taking off further. PLTR will be like GME and shoot up again after the dip","https://i.redd.it/ys3rnr56re661.jpg"
1608498030,"Carlo_Pugnale","I had a wet dream last night that NVDA and MSFT got into a bidding war over GME and it fucking mooned","https://www.reddit.com/r/wallstreetbets/comments/kh2820/i_had_a_wet_dream_last_night_that_nvda_and_msft/"
1608497077,"tendies_for_daddy","I had a dream last night that NVDA and MSFT got into a bidding war over GME and it fucking mooned","https://www.reddit.com/r/wallstreetbets/comments/kh1xr4/i_had_a_dream_last_night_that_nvda_and_msft_got/"
1608489699,"id02009","Where is my GME short squeeze?","https://www.reddit.com/r/wallstreetbets/comments/kgzicd/where_is_my_gme_short_squeeze/"
1608487507,"dsua","Multiple expansion is how GME gets to $100+","https://www.reddit.com/r/wallstreetbets/comments/kgysg8/multiple_expansion_is_how_gme_gets_to_100/"
1608463877,"danielbauwens","GME Interesting Squeeze Facts &amp; Market Cap &amp; Future Valuations","https://www.reddit.com/r/wallstreetbets/comments/kgsl8r/gme_interesting_squeeze_facts_market_cap_future/"
1608453899,"i_know_0_bout_stock","GME GANG ğŸ’ğŸ’ğŸ’","https://www.reddit.com/r/wallstreetbets/comments/kgqsaj/gme_gang/"
1608430632,"lemon_pepper0","Jim Cramer if youâ€™re reading this, GME is ready to run","https://www.reddit.com/r/wallstreetbets/comments/kglk2z/jim_cramer_if_youre_reading_this_gme_is_ready_to/"
