,Unnamed: 0,ptitle,polarity_textBlob
0,44617,buy the dip the squeeze is in sight the hedge is being chopped down ape strong together amc gme to 69420,1
1,9713,what do i do gme,0
2,24291,ignore all bots hold your gme retards,1
3,46805,wsb gme rocket club black card,0
4,39324,just for show gme attacks primed for headlines,0
5,50999,free online magic show for gme  httpswwwredditcomrpanrstessshowla6e2f,0
6,24031,td ameritrade says it is restricting buying gme amp amc,-1
7,5093,picture of being able to sell gme robinhood  not buy,-1
8,76339,gme to the moon,1
9,10399,amc gme investors pivot to nokia,-1
10,28097,if you have 100 gme stock and are considering selling to limit downside please read this first,1
11,17207,im still 225mm deep in gme  not selling one cent until the squeeze is squoze ill watch it go to 0 if i have to ,1
12,51031,etoro forcing a 20 sl on every gme position  check european fellas,0
13,4182,robinhood to start allowing gme shares to be bought starting tomorrow still fuck these guys all my homies hate robinhood,1
14,62449,what platform will allow large quantity gme purchases now,0
15,27065,will gme hit 200,0
16,75024,ive been told short sellers benefit markets by adding liquidity does it make sense that gme  shares short to volume has been increasing steadily since endjan while price has been trending down falling prices means an excess of sellers to buyers why short more to save their 45m shorts 38,0
17,3341,gme to the moon    f for melvin,1
18,29565,gme can i join in or is it too late,1
19,21839,100 margin for gme,1
20,46180,picture of wsb telling dumbasses to buy gme and hold at 300, -1
21,54170,1000 gme tomorrow,1
22,24717,everybody flood the other stock subs and tell them to buy gme,1
23,30393,amc  gme   ,0
24,32485,the similarities between amc and gme are astounding manipulation eli5,0
25,30469,sell gme now,-1
26,2624,to all my friends who tell me gme has had its short squeeze now,0
27,63524,dfvs initial gme analysis jul 20,0
28,43404,gme today buy the dip,1
29,43554,revolut blocking amc gme trades,0
30,20979,everyone keep gme rising  but also start investing in amc while its low to get it into space before friday i went all in on amc,1
31,36496,gme to the moon ,1
32,69996,we like the stock gme to the moon credit to the creator asetniop,1
33,17682,and then after friday after gme reach 2000 whos going to sell first at 2000 and whos going to sell at 20,-1
34,24030,keep buying gme,1
35,54123,hitting gme and nakd some more tomorrow,1
36,66452,inevitable after gme you know where to go,0
37,22712,by this instead of gme amc bb vv,-1
38,34796,14 shares of gme 20 shares of amc,0
39,40045,gme stock is going down buy buy buy,1
40,17633,which broker its a good way to buy gme,0
41,12229,keep buying gme bb,1
42,26932,wsb gme bull poem,1
43,43897,revolut suspended buying of gme,0
44,42675,hold or buy if you can do not sell dont sell out your community  we are one gme 5million shorts soon to be called upon  dont be scared,1
45,68756,i said lord give me a sign that gme is going to be ok and the lord said look at your phone retard and i knew the lord has blessed us all on this blessed day,1
46,42592,not sure if its already out there but rh allows buying additional 20 shares for gme ,0
47,32479,breaking announcement by the sec about suspicious activity in gme stock,-1
48,65323,explaining how we won yesterday and why gme is going to the moon,1
49,1386,do not have paper fucking hands next week with gme,1
